[
  {
    "Id": 1,
    "QuestionID": 1,
    "AnswerText": "Asia",
    "IsCorrect": true
  },
  {
    "Id": 2,
    "QuestionID": 1,
    "AnswerText": "Europe",
    "IsCorrect": false
  },
  {
    "Id": 3,
    "QuestionID": 1,
    "AnswerText": "Africa",
    "IsCorrect": false
  },
  {
    "Id": 4,
    "QuestionID": 1,
    "AnswerText": "North America",
    "IsCorrect": false
  },
  {
    "Id": 5,
    "QuestionID": 2,
    "AnswerText": "France",
    "IsCorrect": false
  },
  {
    "Id": 6,
    "QuestionID": 2,
    "AnswerText": "Italy",
    "IsCorrect": false
  },
  {
    "Id": 7,
    "QuestionID": 2,
    "AnswerText": "Mongolia",
    "IsCorrect": false
  },
  {
    "Id": 8,
    "QuestionID": 2,
    "AnswerText": "Vatican City",
    "IsCorrect": true
  },
  {
    "Id": 9,
    "QuestionID": 3,
    "AnswerText": "Caspian Sea",
    "IsCorrect": true
  },
  {
    "Id": 10,
    "QuestionID": 3,
    "AnswerText": "Baikal",
    "IsCorrect": false
  },
  {
    "Id": 11,
    "QuestionID": 3,
    "AnswerText": "Mississipi",
    "IsCorrect": false
  },
  {
    "Id": 12,
    "QuestionID": 3,
    "AnswerText": "Michigan",
    "IsCorrect": false
  },
  {
    "Id": 13,
    "QuestionID": 4,
    "AnswerText": "Nile",
    "IsCorrect": true
  },
  {
    "Id": 14,
    "QuestionID": 4,
    "AnswerText": "Amazon",
    "IsCorrect": false
  },
  {
    "Id": 15,
    "QuestionID": 4,
    "AnswerText": "Mtkvari",
    "IsCorrect": false
  },
  {
    "Id": 16,
    "QuestionID": 4,
    "AnswerText": "Volga",
    "IsCorrect": false
  },
  {
    "Id": 17,
    "QuestionID": 5,
    "AnswerText": "Everest",
    "IsCorrect": true
  },
  {
    "Id": 18,
    "QuestionID": 5,
    "AnswerText": "Ushba",
    "IsCorrect": false
  },
  {
    "Id": 19,
    "QuestionID": 5,
    "AnswerText": "Makalu",
    "IsCorrect": false
  },
  {
    "Id": 20,
    "QuestionID": 5,
    "AnswerText": "Manaslu",
    "IsCorrect": false
  },
  {
    "Id": 21,
    "QuestionID": 6,
    "AnswerText": "2",
    "IsCorrect": false
  },
  {
    "Id": 22,
    "QuestionID": 6,
    "AnswerText": "3",
    "IsCorrect": true
  },
  {
    "Id": 23,
    "QuestionID": 6,
    "AnswerText": "5",
    "IsCorrect": false
  },
  {
    "Id": 24,
    "QuestionID": 6,
    "AnswerText": "8",
    "IsCorrect": false
  },
  {
    "Id": 25,
    "QuestionID": 7,
    "AnswerText": "8",
    "IsCorrect": true
  },
  {
    "Id": 26,
    "QuestionID": 7,
    "AnswerText": "3",
    "IsCorrect": false
  },
  {
    "Id": 27,
    "QuestionID": 7,
    "AnswerText": "5",
    "IsCorrect": false
  },
  {
    "Id": 28,
    "QuestionID": 7,
    "AnswerText": "8",
    "IsCorrect": false
  },
  {
    "Id": 29,
    "QuestionID": 8,
    "AnswerText": "2",
    "IsCorrect": true
  },
  {
    "Id": 30,
    "QuestionID": 8,
    "AnswerText": "7",
    "IsCorrect": false
  },
  {
    "Id": 31,
    "QuestionID": 8,
    "AnswerText": "8",
    "IsCorrect": false
  },
  {
    "Id": 32,
    "QuestionID": 8,
    "AnswerText": "1",
    "IsCorrect": false
  },
  {
    "Id": 33,
    "QuestionID": 9,
    "AnswerText": "7",
    "IsCorrect": true
  },
  {
    "Id": 34,
    "QuestionID": 9,
    "AnswerText": "2",
    "IsCorrect": false
  },
  {
    "Id": 35,
    "QuestionID": 9,
    "AnswerText": "8",
    "IsCorrect": false
  },
  {
    "Id": 36,
    "QuestionID": 9,
    "AnswerText": "10",
    "IsCorrect": false
  },
  {
    "Id": 37,
    "QuestionID": 10,
    "AnswerText": "9",
    "IsCorrect": false
  },
  {
    "Id": 38,
    "QuestionID": 10,
    "AnswerText": "1",
    "IsCorrect": true
  },
  {
    "Id": 39,
    "QuestionID": 10,
    "AnswerText": "7",
    "IsCorrect": false
  },
  {
    "Id": 40,
    "QuestionID": 10,
    "AnswerText": "3",
    "IsCorrect": false
  }
]
