[
  {
    "Id": 1,
    "QuizID": 1,
    "QuestionText": "Biggest Continent",
    "Answers": []
  },
  {
    "Id": 2,
    "QuizID": 1,
    "QuestionText": "Smallest Country",
    "Answers": []
  },
  {
    "Id": 3,
    "QuizID": 1,
    "QuestionText": "Largest Lake",
    "Answers": []
  },
  {
    "Id": 4,
    "QuizID": 1,
    "QuestionText": "Longest River",
    "Answers": []
  },
  {
    "Id": 5,
    "QuizID": 1,
    "QuestionText": "Highest Mountain",
    "Answers": []
  },
  {
    "Id": 6,
    "QuizID": 2,
    "QuestionText": "2\u002B1",
    "Answers": []
  },
  {
    "Id": 7,
    "QuizID": 2,
    "QuestionText": "10-2",
    "Answers": []
  },
  {
    "Id": 8,
    "QuizID": 2,
    "QuestionText": "4/2",
    "Answers": []
  },
  {
    "Id": 9,
    "QuizID": 2,
    "QuestionText": "6\u002B1",
    "Answers": []
  },
  {
    "Id": 10,
    "QuizID": 2,
    "QuestionText": "4-3",
    "Answers": []
  }
]
